Hotel Name,Place,Description,Ratings,Price (INR)
Skyline Hotel,Mumbai,"Child-friendly, Swimming pool, Free parking, AC, WiFi, Coffee maker, Mini bar, Laundry service",2.08,15963
Urban Retreat,Mumbai,"Airport shuttle, Free breakfast, TV with cable, AC, Conference room, Gym, Swimming pool",2.64,11386
The Serene Spot,Mumbai,"Child-friendly, TV with cable, Free breakfast, Bar, Conference room",1.52,11195
Hotel Sunshine,Mumbai,"Restaurant, 24/7 Room service, Child-friendly, TV with cable, Swimming pool, Business center, Bar",4.32,10371
Golden Nest,Mumbai,"Bar, Spa services, Restaurant, Pet-friendly, Balcony view, Conference room, Coffee maker, AC, Free breakfast",1.72,13475
The Sapphire,Pune,"Free parking, Child-friendly, Gym, WiFi, Laundry service",1.64,2784
The Sapphire,Mumbai,"24/7 Room service, Bar, Restaurant, Conference room, Laundry service, WiFi, Coffee maker, Mini bar, AC, TV with cable",2.16,4381
Royal Residency,Bengaluru,"Gym, Spa services, Free parking, Laundry service, Airport shuttle, 24/7 Room service, AC, Pet-friendly, Free breakfast",3.92,11564
Paradise Stay,Pune,"Pet-friendly, Restaurant, TV with cable, Free parking, Spa services",1.24,6325
Paradise Stay,Mumbai,"Pet-friendly, Swimming pool, Mini bar, Restaurant, Airport shuttle, Free parking, 24/7 Room service",2.64,3675
Grand Palace,Mumbai,"TV with cable, WiFi, Restaurant, Bar, Coffee maker, Swimming pool, AC",3.52,11274
Golden Nest,Mumbai,"Child-friendly, Restaurant, WiFi, Swimming pool, Laundry service, Balcony view, Airport shuttle, 24/7 Room service, Conference room, Coffee maker",2.56,7775
Skyline Hotel,Bengaluru,"Balcony view, AC, Bar, Mini bar, Conference room, Business center",4.36,16373
Golden Nest,Pune,"Restaurant, Free breakfast, Coffee maker, Spa services, Swimming pool, Conference room, Business center",1.44,15400
The Sapphire,Mumbai,"Business center, WiFi, Spa services, Balcony view, Conference room, Laundry service, Free parking, Restaurant, Pet-friendly",2.2,4800
Emerald Elegance,Bengaluru,"Restaurant, Child-friendly, 24/7 Room service, Airport shuttle, Business center, AC, Laundry service, TV with cable, Free parking",4.0,12530
Royal Residency,Mumbai,"Free parking, Child-friendly, 24/7 Room service, Pet-friendly, WiFi, Restaurant, Conference room, Balcony view, Mini bar",2.52,2514
Regal Heights,Bengaluru,"Spa services, Child-friendly, Conference room, Coffee maker, Pet-friendly, Balcony view, Bar, Free parking",3.84,19791
Urban Retreat,Pune,"AC, Airport shuttle, Mini bar, Bar, Free breakfast, Spa services, Gym, Child-friendly, Business center, Swimming pool",3.04,9629
Grand Palace,Pune,"Free breakfast, WiFi, Business center, AC, Laundry service, Swimming pool, Balcony view, Spa services, Conference room",1.12,9465
Majestic View,Pune,"Restaurant, Swimming pool, Gym, Conference room, Free breakfast, Airport shuttle, WiFi",3.0,6575
The Sapphire,Pune,"Bar, AC, Coffee maker, Pet-friendly, Balcony view, Gym",4.96,18823
Majestic View,Bengaluru,"Free parking, Free breakfast, Conference room, Business center, WiFi, Airport shuttle, Mini bar, Gym, Spa services, Laundry service",2.84,13158
Skyline Hotel,Mumbai,"AC, Airport shuttle, Conference room, WiFi, Child-friendly, Spa services",2.56,16579
The Serene Spot,Bengaluru,"Coffee maker, 24/7 Room service, Business center, Conference room, Balcony view, TV with cable",4.48,10868
Harmony Hotel,Pune,"24/7 Room service, Mini bar, Spa services, Business center, Gym, Swimming pool, Balcony view, Pet-friendly, WiFi",3.8,13014
Grand Palace,Pune,"WiFi, Airport shuttle, Restaurant, Spa services, AC, Pet-friendly, 24/7 Room service, Laundry service, Conference room",2.92,16662
Elite Stay,Mumbai,"Pet-friendly, Spa services, Child-friendly, Swimming pool, Airport shuttle, TV with cable, Mini bar, Bar",4.28,4308
Grand Palace,Mumbai,"Bar, Coffee maker, Free breakfast, TV with cable, Conference room, Balcony view, Gym, Spa services, 24/7 Room service",3.0,18342
Emerald Elegance,Bengaluru,"Restaurant, Laundry service, Bar, Business center, 24/7 Room service, Airport shuttle, Balcony view, Swimming pool, Gym",4.56,17851
Harmony Hotel,Mumbai,"Laundry service, Coffee maker, WiFi, Bar, Swimming pool",4.72,7370
Majestic View,Mumbai,"Gym, Pet-friendly, Swimming pool, 24/7 Room service, Restaurant, Coffee maker, Free parking, TV with cable, Airport shuttle, Business center",2.88,11675
Grand Palace,Pune,"Mini bar, TV with cable, Swimming pool, Pet-friendly, Bar, Laundry service",4.88,4257
Emerald Elegance,Bengaluru,"Free parking, Business center, 24/7 Room service, Airport shuttle, Child-friendly, Free breakfast, WiFi, Pet-friendly, TV with cable",4.64,7370
Paradise Stay,Pune,"Mini bar, 24/7 Room service, AC, Airport shuttle, Child-friendly, Balcony view, Coffee maker, Pet-friendly",4.92,17134
Royal Residency,Bengaluru,"Mini bar, Free breakfast, 24/7 Room service, Pet-friendly, Gym",3.16,9754
Royal Residency,Pune,"TV with cable, Pet-friendly, 24/7 Room service, Spa services, Free parking, Coffee maker, Laundry service, Balcony view, Conference room, Airport shuttle",1.48,3611
Emerald Elegance,Mumbai,"WiFi, Free breakfast, Laundry service, Bar, Airport shuttle, Spa services, Business center, Free parking, Swimming pool",3.24,14503
Harmony Hotel,Mumbai,"Airport shuttle, Balcony view, Pet-friendly, Restaurant, Free parking",3.96,4262
Green Leaf,Pune,"Business center, Swimming pool, 24/7 Room service, Balcony view, Free parking, Coffee maker, Gym, TV with cable",4.48,16649
Emerald Elegance,Pune,"Spa services, Laundry service, Mini bar, Conference room, Restaurant, Free breakfast",4.56,11810
Tranquil Lodge,Pune,"Business center, TV with cable, Coffee maker, Conference room, Balcony view, Airport shuttle, 24/7 Room service, Bar",3.0,1839
Harmony Hotel,Mumbai,"TV with cable, WiFi, Free parking, Gym, Airport shuttle, Mini bar, Conference room",1.64,11596
Regal Heights,Mumbai,"WiFi, Pet-friendly, Coffee maker, Restaurant, 24/7 Room service, Gym, Spa services, Free parking, Airport shuttle, Free breakfast",2.28,16464
The Sapphire,Pune,"Mini bar, WiFi, Spa services, Free parking, Conference room, 24/7 Room service",4.28,14133
The Serene Spot,Pune,"WiFi, Business center, 24/7 Room service, Gym, Restaurant, Laundry service",2.32,6431
Green Leaf,Mumbai,"AC, TV with cable, 24/7 Room service, Free breakfast, Conference room",3.68,16721
Comfort Stay,Pune,"Bar, Pet-friendly, 24/7 Room service, Spa services, Gym",4.04,4657
Skyline Hotel,Bengaluru,"WiFi, 24/7 Room service, Balcony view, Gym, Laundry service",4.52,8913
Grand Palace,Bengaluru,"Gym, Bar, Conference room, WiFi, Swimming pool, Business center, Restaurant, 24/7 Room service",2.88,11098
Green Leaf,Bengaluru,"Swimming pool, Bar, Laundry service, Free breakfast, Spa services, Coffee maker, Pet-friendly",4.16,11814
Palm Springs,Pune,"Bar, Child-friendly, AC, 24/7 Room service, Airport shuttle, Business center, Balcony view",1.0,8699
Harmony Hotel,Bengaluru,"Balcony view, Free breakfast, Coffee maker, Airport shuttle, Bar, Conference room",4.08,6248
Regal Heights,Bengaluru,"Pet-friendly, Laundry service, Swimming pool, Child-friendly, Business center, Airport shuttle, Spa services, WiFi, Mini bar, Bar",2.16,16804
Comfort Stay,Mumbai,"Child-friendly, Business center, AC, Spa services, Pet-friendly, Bar, Conference room, Airport shuttle, Swimming pool",1.24,14900
Comfort Stay,Pune,"Laundry service, Spa services, TV with cable, Balcony view, Conference room",4.88,9247
Green Leaf,Pune,"Mini bar, Free breakfast, Coffee maker, Business center, Balcony view, Swimming pool, AC, Child-friendly, TV with cable",2.0,17997
Green Leaf,Pune,"Spa services, Free parking, Coffee maker, Pet-friendly, Laundry service, Restaurant, Gym, Child-friendly, Airport shuttle",4.32,15647
Emerald Elegance,Bengaluru,"Spa services, Restaurant, AC, Coffee maker, Swimming pool, TV with cable, Mini bar",1.6,17551
Golden Nest,Bengaluru,"Airport shuttle, Gym, Spa services, Conference room, 24/7 Room service",2.4,3759
The Serene Spot,Bengaluru,"WiFi, Gym, Pet-friendly, Free breakfast, Coffee maker, 24/7 Room service, Swimming pool",4.68,17232
The Serene Spot,Mumbai,"Restaurant, Conference room, AC, Balcony view, 24/7 Room service",4.72,6854
Paradise Stay,Pune,"Free breakfast, AC, TV with cable, Airport shuttle, 24/7 Room service, Laundry service, Bar, Balcony view",3.72,9764
Ocean View,Mumbai,"Gym, Mini bar, WiFi, Balcony view, Free breakfast",3.76,14032
Regal Heights,Mumbai,"Spa services, Child-friendly, Swimming pool, Laundry service, Mini bar, Restaurant, Gym, AC, TV with cable, Coffee maker",1.2,9459
Green Leaf,Bengaluru,"Child-friendly, 24/7 Room service, Bar, AC, Mini bar, Free parking, Restaurant, TV with cable, Business center, Pet-friendly",4.68,14148
Majestic View,Bengaluru,"Conference room, Restaurant, Coffee maker, Bar, Pet-friendly, Mini bar",4.4,8839
Royal Residency,Mumbai,"Business center, Free breakfast, WiFi, Balcony view, Bar, Child-friendly, Restaurant, Airport shuttle",2.32,18263
The Sapphire,Pune,"Child-friendly, Pet-friendly, AC, Laundry service, Airport shuttle, TV with cable, Bar, WiFi, Balcony view, Conference room",1.08,11542
Luxury Inn,Bengaluru,"Spa services, TV with cable, Free breakfast, Restaurant, Pet-friendly, Coffee maker, Airport shuttle, Bar, Swimming pool",2.64,13997
Golden Nest,Mumbai,"Coffee maker, Airport shuttle, Restaurant, Spa services, WiFi, AC, Free breakfast, Free parking, Conference room, Balcony view",3.92,1616
Tranquil Lodge,Bengaluru,"Free parking, Mini bar, 24/7 Room service, Bar, Child-friendly",1.48,16718
Royal Residency,Bengaluru,"Free parking, Gym, Coffee maker, Airport shuttle, Restaurant, Spa services",4.28,7544
Skyline Hotel,Pune,"Spa services, Mini bar, Bar, Restaurant, Free breakfast, Balcony view",4.6,4599
Urban Retreat,Mumbai,"Swimming pool, Free parking, Coffee maker, Mini bar, AC, Balcony view, Free breakfast, Pet-friendly, Restaurant",4.32,4785
Luxury Inn,Bengaluru,"WiFi, Child-friendly, TV with cable, Free parking, Conference room, Gym",4.04,14008
Palm Springs,Pune,"Swimming pool, Airport shuttle, WiFi, Laundry service, Coffee maker, Gym",1.92,2646
Harmony Hotel,Mumbai,"Spa services, Coffee maker, Balcony view, Restaurant, Business center, Airport shuttle",2.48,5033
Paradise Stay,Pune,"Child-friendly, Swimming pool, Free parking, TV with cable, WiFi, Bar, Spa services, Airport shuttle",3.12,16853
Harmony Hotel,Mumbai,"Bar, Business center, Mini bar, Restaurant, Swimming pool, Free parking",3.24,14949
Ocean View,Mumbai,"Bar, Business center, AC, Pet-friendly, Swimming pool, Child-friendly, Restaurant, Coffee maker, Conference room",2.08,15085
Royal Residency,Mumbai,"Restaurant, Business center, Pet-friendly, 24/7 Room service, Coffee maker, Free breakfast, Spa services, Bar, TV with cable",4.44,10721
Royal Residency,Bengaluru,"Laundry service, Child-friendly, Business center, Swimming pool, Coffee maker, AC, Gym",2.72,4334
Royal Residency,Bengaluru,"AC, Restaurant, Balcony view, Business center, Child-friendly, Gym",3.16,3461
Comfort Stay,Mumbai,"Restaurant, Coffee maker, Child-friendly, TV with cable, Swimming pool",4.6,16463
Royal Residency,Mumbai,"Restaurant, Pet-friendly, Airport shuttle, Free breakfast, Spa services, Swimming pool, WiFi, Child-friendly",4.64,12608
Elite Stay,Bengaluru,"Spa services, Restaurant, Pet-friendly, Mini bar, Free parking, Child-friendly",2.44,2051
Tranquil Lodge,Mumbai,"Restaurant, Airport shuttle, Balcony view, TV with cable, Bar, Swimming pool, Conference room, Spa services, Business center, WiFi",3.96,9688
Ocean View,Mumbai,"Spa services, 24/7 Room service, Child-friendly, Laundry service, Free breakfast, Free parking, Airport shuttle, Restaurant, Bar, AC",4.4,16656
Hotel Sunshine,Pune,"24/7 Room service, Spa services, Conference room, Bar, Free breakfast, Restaurant, Balcony view",1.88,11862
Majestic View,Mumbai,"Conference room, Airport shuttle, AC, Free parking, Business center, Spa services, Coffee maker, TV with cable, Restaurant, Laundry service",1.32,14804
Royal Residency,Mumbai,"Gym, Conference room, Free breakfast, Swimming pool, Restaurant, Balcony view",2.08,17488
Harmony Hotel,Bengaluru,"Conference room, TV with cable, Child-friendly, Restaurant, Gym, WiFi",4.04,19645
Luxury Inn,Pune,"Bar, Laundry service, WiFi, Mini bar, Swimming pool, Balcony view",4.44,7524
Palm Springs,Bengaluru,"Pet-friendly, TV with cable, Free parking, Spa services, 24/7 Room service, WiFi",3.04,3191
Majestic View,Bengaluru,"Gym, Coffee maker, Business center, Free parking, Swimming pool",1.4,17027
Luxury Inn,Mumbai,"24/7 Room service, Free breakfast, TV with cable, Bar, Pet-friendly, Business center",2.24,19872
Emerald Elegance,Pune,"AC, Coffee maker, 24/7 Room service, Laundry service, Child-friendly, Restaurant, WiFi, Pet-friendly, Bar, Free breakfast",2.92,5267
Emerald Elegance,Mumbai,"Child-friendly, Gym, AC, Bar, Spa services, Conference room, Pet-friendly",1.84,2526
Green Leaf,Pune,"Business center, TV with cable, Gym, Laundry service, Mini bar",4.6,3056
The Serene Spot,Pune,"Airport shuttle, Gym, Swimming pool, WiFi, Child-friendly, 24/7 Room service, TV with cable, Spa services, Balcony view",4.56,17363
Golden Nest,Bengaluru,"AC, TV with cable, Restaurant, Child-friendly, Coffee maker, Free parking, Airport shuttle",3.48,7852
Green Leaf,Mumbai,"Balcony view, Free breakfast, Coffee maker, Restaurant, Pet-friendly",4.2,16282
Green Leaf,Pune,"Coffee maker, Balcony view, Gym, Mini bar, Airport shuttle",2.2,13068
Tranquil Lodge,Pune,"Child-friendly, 24/7 Room service, Bar, WiFi, Business center, Swimming pool, Airport shuttle, Spa services",4.28,13582
Emerald Elegance,Pune,"Child-friendly, Free parking, Pet-friendly, AC, Airport shuttle",1.04,15981
The Sapphire,Pune,"WiFi, Laundry service, Balcony view, Free breakfast, Coffee maker, Bar, Mini bar, Swimming pool, Free parking",2.72,19066
Hotel Sunshine,Bengaluru,"Laundry service, Swimming pool, 24/7 Room service, Mini bar, Bar, Conference room, Free parking, Business center, Free breakfast, AC",3.56,5489
Regal Heights,Pune,"Spa services, Conference room, Restaurant, AC, Gym, Swimming pool",3.24,15013
Royal Residency,Mumbai,"Swimming pool, Child-friendly, Gym, Spa services, Pet-friendly, Restaurant",3.24,8866
Palm Springs,Pune,"Bar, Conference room, TV with cable, Business center, AC, Airport shuttle, Swimming pool, 24/7 Room service, Free parking, Child-friendly",2.28,12841
The Serene Spot,Mumbai,"Coffee maker, Conference room, Bar, TV with cable, Restaurant, Business center, WiFi, AC",3.44,9350
The Serene Spot,Pune,"Coffee maker, Laundry service, Bar, Swimming pool, TV with cable",2.68,10147
Harmony Hotel,Mumbai,"24/7 Room service, Child-friendly, Swimming pool, AC, TV with cable, Gym",3.24,7992
Regal Heights,Bengaluru,"Conference room, Restaurant, Bar, Spa services, Free parking, Swimming pool, Airport shuttle, 24/7 Room service",4.12,14297
Luxury Inn,Bengaluru,"24/7 Room service, Spa services, TV with cable, Pet-friendly, Swimming pool, Restaurant, WiFi, Free breakfast, AC",1.92,16988
Golden Nest,Bengaluru,"Bar, Restaurant, 24/7 Room service, Spa services, Coffee maker, Swimming pool, Free breakfast",1.68,5977
Comfort Stay,Mumbai,"Child-friendly, Swimming pool, Bar, Mini bar, Airport shuttle, AC, Spa services, WiFi, TV with cable, Restaurant",4.56,10290
Royal Residency,Pune,"Free parking, Restaurant, Airport shuttle, Business center, Spa services, Balcony view, Conference room, Bar, Gym, TV with cable",2.24,12953
Regal Heights,Pune,"Spa services, Pet-friendly, Business center, Gym, Child-friendly, Coffee maker, Mini bar, Free breakfast",3.0,5696
Paradise Stay,Bengaluru,"Business center, Coffee maker, TV with cable, Spa services, Balcony view, Airport shuttle, 24/7 Room service, Gym, AC, Child-friendly",1.8,2776
Green Leaf,Mumbai,"TV with cable, Child-friendly, Free parking, Conference room, Free breakfast, Pet-friendly, Gym",4.36,8029
Urban Retreat,Mumbai,"Free parking, Airport shuttle, Bar, AC, WiFi, Gym, Spa services, TV with cable",4.28,3787
Urban Retreat,Bengaluru,"Balcony view, Coffee maker, Pet-friendly, Laundry service, Conference room, TV with cable, Airport shuttle, AC",3.4,15307
Palm Springs,Mumbai,"Conference room, 24/7 Room service, Bar, Spa services, Free parking, Gym",2.56,5551
Hotel Sunshine,Mumbai,"Gym, Coffee maker, AC, Mini bar, Pet-friendly, Laundry service, TV with cable",2.2,15443
Harmony Hotel,Mumbai,"Gym, TV with cable, Conference room, Coffee maker, Restaurant, Swimming pool, 24/7 Room service, Balcony view, Free parking, Free breakfast",3.04,2859
Regal Heights,Pune,"Coffee maker, Gym, Child-friendly, Conference room, Spa services",2.92,3709
Elite Stay,Bengaluru,"Laundry service, Mini bar, Child-friendly, Airport shuttle, Business center",2.12,6691
Hotel Sunshine,Mumbai,"Gym, AC, TV with cable, Airport shuttle, Restaurant, Laundry service, Conference room",4.08,8852
Skyline Hotel,Bengaluru,"Restaurant, Spa services, Swimming pool, WiFi, Business center, TV with cable, Free parking",3.2,11224
The Sapphire,Mumbai,"Swimming pool, Free breakfast, Conference room, Pet-friendly, Business center, Restaurant, Airport shuttle",1.96,1554
Majestic View,Bengaluru,"Restaurant, Laundry service, Child-friendly, TV with cable, 24/7 Room service, Swimming pool, Airport shuttle, Mini bar",2.6,2706
Palm Springs,Pune,"Child-friendly, Free breakfast, Swimming pool, Coffee maker, Pet-friendly",2.88,4828
Regal Heights,Pune,"Mini bar, Free parking, Restaurant, Balcony view, Coffee maker, Laundry service, Child-friendly, Gym, Conference room",2.88,17868
Urban Retreat,Pune,"WiFi, Pet-friendly, Gym, Balcony view, Restaurant, Bar",1.36,18109
Green Leaf,Bengaluru,"Mini bar, Restaurant, AC, Balcony view, Free breakfast, Airport shuttle",2.76,5272
Harmony Hotel,Pune,"Child-friendly, AC, Swimming pool, Spa services, Laundry service, TV with cable, Pet-friendly, 24/7 Room service, Mini bar, Restaurant",2.92,7589
Ocean View,Bengaluru,"24/7 Room service, Business center, Restaurant, WiFi, Conference room, Laundry service, Spa services",1.8,5059
Emerald Elegance,Mumbai,"WiFi, Gym, Bar, AC, Coffee maker",2.36,12010
Majestic View,Bengaluru,"Pet-friendly, Airport shuttle, Coffee maker, Balcony view, Swimming pool, TV with cable, Mini bar, Bar, Conference room",4.04,4642
Hotel Sunshine,Bengaluru,"Balcony view, Restaurant, Swimming pool, Spa services, Free parking, Pet-friendly, Coffee maker, Free breakfast, Child-friendly",3.84,4254
Regal Heights,Bengaluru,"Child-friendly, Pet-friendly, Bar, Spa services, Free breakfast, Conference room, Restaurant",4.08,8924
Majestic View,Mumbai,"Free breakfast, 24/7 Room service, AC, Mini bar, Coffee maker, Spa services, Pet-friendly, Free parking",4.2,9299
Emerald Elegance,Bengaluru,"Restaurant, Conference room, Pet-friendly, Spa services, Swimming pool, Coffee maker, 24/7 Room service",1.52,5761
The Sapphire,Mumbai,"Gym, Coffee maker, Free breakfast, TV with cable, Balcony view, Conference room, Pet-friendly, Business center, Free parking",2.44,11035
Regal Heights,Bengaluru,"Laundry service, Restaurant, Spa services, WiFi, Mini bar, Conference room, Gym",1.16,13573
Urban Retreat,Bengaluru,"Pet-friendly, AC, Free breakfast, Mini bar, Business center, Swimming pool, Gym, Bar, Airport shuttle",4.16,17497
Paradise Stay,Pune,"Free parking, Swimming pool, Free breakfast, Mini bar, 24/7 Room service, WiFi, AC, TV with cable, Pet-friendly, Restaurant",4.68,1892
Elite Stay,Pune,"Airport shuttle, Balcony view, 24/7 Room service, Conference room, Free parking",1.96,4385
Royal Residency,Pune,"Free breakfast, TV with cable, Coffee maker, Mini bar, Balcony view, Airport shuttle, Pet-friendly, Child-friendly, Swimming pool",2.96,10911
The Sapphire,Pune,"Laundry service, Free breakfast, Pet-friendly, Conference room, Swimming pool",1.72,4550
Green Leaf,Mumbai,"Free parking, Airport shuttle, Swimming pool, Business center, Bar",3.08,16669
Ocean View,Mumbai,"Restaurant, Free breakfast, WiFi, Child-friendly, Free parking, Balcony view, Pet-friendly, Spa services, Airport shuttle, AC",4.84,8859
Skyline Hotel,Mumbai,"AC, Conference room, 24/7 Room service, Restaurant, Swimming pool, Pet-friendly, Spa services",4.08,16769
Ocean View,Mumbai,"Free parking, Bar, Conference room, Restaurant, AC, TV with cable, Coffee maker, 24/7 Room service, WiFi",3.36,19337
Ocean View,Pune,"Bar, WiFi, Mini bar, Gym, Balcony view, Business center, Restaurant",1.68,17004
The Sapphire,Bengaluru,"24/7 Room service, Laundry service, AC, Free breakfast, Spa services, Bar, Pet-friendly",4.88,19525
Grand Palace,Pune,"Pet-friendly, Free breakfast, Restaurant, Business center, Airport shuttle",4.64,4968
Green Leaf,Mumbai,"AC, TV with cable, Airport shuttle, 24/7 Room service, Mini bar, Laundry service, Bar, Gym",1.08,2604
Luxury Inn,Pune,"AC, Laundry service, Bar, Free breakfast, Child-friendly, Pet-friendly, Gym, Business center, Free parking, Mini bar",1.4,1626
Elite Stay,Bengaluru,"Airport shuttle, Restaurant, Laundry service, Business center, Gym, AC, Coffee maker, Mini bar, Child-friendly, Balcony view",1.64,16207
Grand Palace,Bengaluru,"Swimming pool, Free breakfast, Business center, Gym, 24/7 Room service, AC, Free parking, Restaurant",2.88,12226
Palm Springs,Mumbai,"Business center, Balcony view, Child-friendly, Restaurant, Gym, Coffee maker, Bar, 24/7 Room service, Swimming pool, AC",3.48,2326
Royal Residency,Pune,"24/7 Room service, TV with cable, WiFi, Gym, Child-friendly, Laundry service, Business center",1.8,10245
Elite Stay,Bengaluru,"Gym, AC, Bar, Pet-friendly, Swimming pool, WiFi",3.8,5813
Urban Retreat,Pune,"Spa services, Conference room, TV with cable, Free breakfast, AC, Restaurant, Free parking, Business center, Pet-friendly, Airport shuttle",1.52,10223
Harmony Hotel,Mumbai,"AC, Free breakfast, Spa services, Bar, Business center, Coffee maker, Pet-friendly, Airport shuttle",3.12,6861
Emerald Elegance,Pune,"Bar, Spa services, Swimming pool, Coffee maker, Gym, 24/7 Room service, Business center, Balcony view, WiFi, Free parking",2.12,11197
Royal Residency,Bengaluru,"Restaurant, Child-friendly, Balcony view, Mini bar, Coffee maker, Spa services, WiFi, AC, Pet-friendly, TV with cable",3.92,5864
Luxury Inn,Mumbai,"24/7 Room service, Pet-friendly, Laundry service, AC, WiFi, Free parking, Restaurant, Spa services, Child-friendly",3.72,3470
The Sapphire,Pune,"WiFi, Pet-friendly, Swimming pool, Free breakfast, Balcony view, 24/7 Room service, Business center, Restaurant, TV with cable, Mini bar",3.28,2012
Emerald Elegance,Mumbai,"Gym, Swimming pool, AC, Business center, Coffee maker, WiFi, Airport shuttle, Restaurant, Spa services",2.8,17468
Regal Heights,Bengaluru,"Gym, WiFi, Laundry service, AC, Balcony view, Restaurant, Mini bar",3.04,17101
Hotel Sunshine,Pune,"Pet-friendly, Spa services, Gym, Coffee maker, Mini bar",2.64,9779
Urban Retreat,Mumbai,"Laundry service, Airport shuttle, Conference room, Free parking, Free breakfast, Business center, TV with cable, Pet-friendly",3.08,5923
Urban Retreat,Mumbai,"Pet-friendly, WiFi, Child-friendly, Free breakfast, 24/7 Room service, Conference room, Free parking",2.0,3931
Majestic View,Pune,"Airport shuttle, Mini bar, Swimming pool, Gym, WiFi, 24/7 Room service",3.16,13373
Skyline Hotel,Pune,"Gym, Business center, TV with cable, Airport shuttle, AC, 24/7 Room service, Coffee maker, Free parking, Mini bar, Restaurant",4.96,18922
Harmony Hotel,Bengaluru,"Bar, 24/7 Room service, Business center, Gym, Mini bar, Swimming pool, Free parking",1.32,11982
Luxury Inn,Pune,"Laundry service, Coffee maker, Spa services, Bar, Airport shuttle, Restaurant",3.92,19575
Regal Heights,Bengaluru,"Airport shuttle, TV with cable, Laundry service, Mini bar, Free parking",4.92,10846
Harmony Hotel,Mumbai,"Laundry service, Business center, Coffee maker, Gym, TV with cable, Bar, Mini bar, Swimming pool, 24/7 Room service",4.6,12179
Grand Palace,Bengaluru,"Free breakfast, 24/7 Room service, AC, Coffee maker, Swimming pool",3.88,3377
Ocean View,Mumbai,"Coffee maker, TV with cable, Bar, Child-friendly, Free parking, Free breakfast, Balcony view, Swimming pool, Restaurant, Business center",4.76,19553
Royal Residency,Pune,"Gym, Spa services, Business center, Restaurant, Balcony view, TV with cable, Swimming pool, Child-friendly",1.04,10780
Skyline Hotel,Mumbai,"Conference room, Mini bar, Bar, Spa services, 24/7 Room service, AC, Gym, Swimming pool, Restaurant",2.12,7483
Palm Springs,Pune,"Coffee maker, Laundry service, TV with cable, Gym, WiFi, 24/7 Room service, Child-friendly, Spa services, AC, Mini bar",1.04,15924
Skyline Hotel,Bengaluru,"Bar, Laundry service, WiFi, 24/7 Room service, Mini bar, Spa services, Swimming pool, Airport shuttle",2.4,6017
Luxury Inn,Pune,"Mini bar, Spa services, AC, TV with cable, Airport shuttle, Swimming pool, Pet-friendly, Restaurant, Gym",4.4,17952
Luxury Inn,Mumbai,"Bar, Balcony view, Swimming pool, Gym, Pet-friendly, Restaurant, Coffee maker, 24/7 Room service, AC",4.36,17959
Grand Palace,Mumbai,"TV with cable, Business center, Pet-friendly, Swimming pool, Balcony view, Free breakfast, AC, WiFi, Coffee maker, Spa services",4.6,15694
Elite Stay,Pune,"24/7 Room service, Restaurant, WiFi, Child-friendly, Gym, Free breakfast, TV with cable, Business center, AC",3.12,5028
Harmony Hotel,Bengaluru,"Restaurant, Swimming pool, Balcony view, TV with cable, Child-friendly, AC, Bar",1.6,9566
Skyline Hotel,Bengaluru,"Balcony view, Free parking, TV with cable, Coffee maker, Conference room",4.72,15034
Hotel Sunshine,Bengaluru,"Coffee maker, WiFi, Balcony view, Spa services, AC",4.6,12047
The Sapphire,Pune,"Mini bar, TV with cable, Business center, Airport shuttle, Conference room, Child-friendly, Free parking, 24/7 Room service, Laundry service, AC",2.32,10316
Grand Palace,Mumbai,"Conference room, Free breakfast, Bar, Restaurant, Airport shuttle, Free parking",1.16,19608
Majestic View,Pune,"Mini bar, Free breakfast, Restaurant, Business center, Child-friendly, AC",2.88,1956
Harmony Hotel,Pune,"Business center, AC, Restaurant, Airport shuttle, Pet-friendly, Laundry service, Balcony view, Bar, Free parking",2.36,16725
The Sapphire,Mumbai,"Swimming pool, 24/7 Room service, TV with cable, Business center, WiFi, Gym, Conference room, Mini bar",5.0,12579
Urban Retreat,Mumbai,"Conference room, Pet-friendly, Laundry service, 24/7 Room service, Airport shuttle, WiFi, Balcony view, Restaurant",1.84,13744
Green Leaf,Pune,"Gym, Laundry service, Restaurant, Airport shuttle, Mini bar, Swimming pool, Business center",2.08,6816
Skyline Hotel,Mumbai,"Pet-friendly, Swimming pool, Coffee maker, Laundry service, WiFi, Mini bar, Restaurant, Gym, AC, 24/7 Room service",4.16,1662
Royal Residency,Pune,"Swimming pool, Mini bar, Laundry service, Free parking, Airport shuttle, TV with cable, Spa services, Gym, 24/7 Room service",2.36,9648
Palm Springs,Mumbai,"WiFi, Business center, TV with cable, Coffee maker, Restaurant, Mini bar, Bar, Free breakfast, Laundry service, Conference room",1.44,9008
Grand Palace,Bengaluru,"Conference room, Spa services, Laundry service, Business center, WiFi, Balcony view",2.48,16154
Ocean View,Bengaluru,"Balcony view, Gym, Restaurant, 24/7 Room service, Mini bar, TV with cable, Laundry service, Free breakfast",2.92,18840
Regal Heights,Pune,"Laundry service, Conference room, Airport shuttle, Mini bar, Spa services, Pet-friendly",1.16,11240
Luxury Inn,Pune,"Swimming pool, AC, Coffee maker, Mini bar, Gym, Spa services",4.88,18564
Majestic View,Bengaluru,"Laundry service, Coffee maker, AC, 24/7 Room service, Bar, Free breakfast, Free parking",1.12,19361
Palm Springs,Mumbai,"Spa services, Laundry service, Balcony view, Bar, Airport shuttle",1.88,9786
Palm Springs,Mumbai,"Bar, Free parking, Free breakfast, TV with cable, Gym, Conference room, Business center, Laundry service",2.8,4058
Royal Residency,Bengaluru,"Coffee maker, Free breakfast, Balcony view, Business center, Spa services, 24/7 Room service, Gym",2.52,17237
The Sapphire,Mumbai,"TV with cable, Airport shuttle, Business center, Free breakfast, Pet-friendly, WiFi, Bar, Balcony view, Child-friendly, Conference room",4.44,17654
Royal Residency,Mumbai,"WiFi, Bar, Spa services, 24/7 Room service, AC, Conference room",3.84,9926
Golden Nest,Pune,"TV with cable, Swimming pool, Business center, Restaurant, Mini bar",1.8,3191
Majestic View,Pune,"Child-friendly, Coffee maker, Free parking, Gym, AC, Conference room",1.32,10744
Green Leaf,Mumbai,"Laundry service, Child-friendly, Conference room, TV with cable, WiFi, 24/7 Room service, Free parking, Bar, Business center",4.64,12666
Ocean View,Pune,"Pet-friendly, Business center, Swimming pool, Balcony view, Bar, Spa services, WiFi, TV with cable, Mini bar, Restaurant",3.64,12168
The Sapphire,Bengaluru,"Spa services, Airport shuttle, AC, 24/7 Room service, Pet-friendly, Coffee maker",4.16,12931
Emerald Elegance,Mumbai,"Swimming pool, 24/7 Room service, Spa services, WiFi, Conference room, Bar, Pet-friendly, Child-friendly",4.8,1917
Majestic View,Mumbai,"Airport shuttle, Mini bar, Swimming pool, Balcony view, Pet-friendly, Conference room",3.0,17285
Majestic View,Pune,"Mini bar, Balcony view, TV with cable, Laundry service, AC, WiFi, Child-friendly, Bar, Swimming pool",2.28,6036
Luxury Inn,Bengaluru,"Free parking, Conference room, 24/7 Room service, Spa services, Restaurant, Child-friendly, Airport shuttle",1.2,5861
Comfort Stay,Pune,"Free breakfast, Mini bar, Balcony view, 24/7 Room service, Pet-friendly, Child-friendly, TV with cable, Airport shuttle, Conference room, Bar",4.12,6424
Green Leaf,Mumbai,"Free parking, 24/7 Room service, Airport shuttle, Pet-friendly, Swimming pool, TV with cable, Restaurant, Coffee maker, Child-friendly",1.04,17257
Grand Palace,Pune,"Coffee maker, 24/7 Room service, Mini bar, Conference room, Laundry service, Restaurant, Gym, Business center, AC",4.52,11816
Emerald Elegance,Bengaluru,"Mini bar, 24/7 Room service, TV with cable, WiFi, Bar, Laundry service, Balcony view, Restaurant, AC",2.72,11979
Luxury Inn,Bengaluru,"Pet-friendly, Free breakfast, Child-friendly, Laundry service, 24/7 Room service, Conference room, Spa services",4.68,17515
The Sapphire,Mumbai,"Free breakfast, Restaurant, 24/7 Room service, AC, Laundry service, Mini bar",3.4,11407
Regal Heights,Mumbai,"Child-friendly, Coffee maker, Gym, Balcony view, Bar, 24/7 Room service, TV with cable, AC, Swimming pool",4.32,2882
Regal Heights,Bengaluru,"Pet-friendly, Swimming pool, Gym, Spa services, Bar, Airport shuttle, TV with cable, Mini bar, 24/7 Room service, Business center",3.76,11797
Luxury Inn,Pune,"Spa services, Swimming pool, Restaurant, Coffee maker, Free breakfast, Bar",4.52,3513
Emerald Elegance,Bengaluru,"AC, Conference room, Free breakfast, Spa services, Balcony view, Mini bar, Child-friendly, Pet-friendly, Free parking, Restaurant",2.44,16436
Emerald Elegance,Mumbai,"Business center, Swimming pool, AC, WiFi, Coffee maker, Airport shuttle, Child-friendly, 24/7 Room service, Conference room",3.44,19674
Tranquil Lodge,Pune,"Airport shuttle, Conference room, Swimming pool, 24/7 Room service, WiFi, Balcony view",3.52,1821
Palm Springs,Mumbai,"Spa services, Free breakfast, Balcony view, Coffee maker, Child-friendly, Conference room, Free parking, Business center",4.44,18187
Harmony Hotel,Bengaluru,"TV with cable, AC, Coffee maker, WiFi, Conference room, 24/7 Room service, Laundry service",2.2,10211
Majestic View,Mumbai,"Conference room, Laundry service, Spa services, Child-friendly, Mini bar",3.52,2316
Harmony Hotel,Mumbai,"Spa services, Free parking, Balcony view, TV with cable, Airport shuttle, Restaurant, Swimming pool",4.28,18241
Hotel Sunshine,Bengaluru,"TV with cable, WiFi, Free parking, Free breakfast, Restaurant, Bar, Spa services",4.72,13435
Elite Stay,Bengaluru,"Mini bar, Free parking, WiFi, Conference room, Restaurant, TV with cable, Gym, AC",4.24,12070
Grand Palace,Bengaluru,"Coffee maker, Airport shuttle, Spa services, Free breakfast, Balcony view, Pet-friendly",4.04,12886
Emerald Elegance,Mumbai,"Laundry service, Child-friendly, 24/7 Room service, Free breakfast, Conference room, Mini bar",2.92,2477
Green Leaf,Mumbai,"WiFi, Conference room, Spa services, Laundry service, AC, Airport shuttle",3.64,17774
Majestic View,Mumbai,"Mini bar, Restaurant, Balcony view, Airport shuttle, Swimming pool, WiFi, AC, Free parking, Coffee maker, Free breakfast",4.52,10611
Harmony Hotel,Pune,"Bar, Free breakfast, Mini bar, Conference room, Laundry service, Pet-friendly",1.72,6027
Emerald Elegance,Pune,"Conference room, Mini bar, Laundry service, Business center, Gym, AC, Bar, Restaurant, Free breakfast",1.92,14124
Palm Springs,Pune,"Swimming pool, Coffee maker, Laundry service, 24/7 Room service, Gym, Pet-friendly, Free parking, Airport shuttle",2.44,10194
Tranquil Lodge,Pune,"Free parking, 24/7 Room service, Business center, Free breakfast, Laundry service, Gym, Balcony view, Coffee maker, TV with cable",4.0,4680
Elite Stay,Bengaluru,"Laundry service, WiFi, 24/7 Room service, Conference room, Child-friendly, Restaurant, Free parking, Free breakfast, Coffee maker, Swimming pool",1.96,2818
Ocean View,Pune,"Bar, Conference room, Free breakfast, Swimming pool, TV with cable, Free parking, Pet-friendly, 24/7 Room service",4.36,17142
Golden Nest,Pune,"Child-friendly, Balcony view, WiFi, Pet-friendly, AC, Laundry service, Restaurant, Spa services",1.0,14836
Urban Retreat,Mumbai,"Spa services, Swimming pool, WiFi, Coffee maker, TV with cable",3.32,6736
Comfort Stay,Mumbai,"Business center, Coffee maker, Free breakfast, Swimming pool, AC, Laundry service",3.84,15729
Tranquil Lodge,Pune,"Conference room, Free parking, Free breakfast, AC, Business center",4.76,5830
Green Leaf,Bengaluru,"Bar, Business center, Pet-friendly, Swimming pool, Conference room, Balcony view, Free breakfast, Mini bar",2.4,10790
Hotel Sunshine,Bengaluru,"WiFi, Spa services, Gym, 24/7 Room service, Business center, Child-friendly, Laundry service, Bar, Free parking, Swimming pool",2.32,9839
Emerald Elegance,Pune,"Free breakfast, WiFi, Mini bar, Free parking, Airport shuttle, Child-friendly, TV with cable",1.96,9205
Luxury Inn,Bengaluru,"Spa services, Balcony view, AC, Free parking, Free breakfast, WiFi, Restaurant",4.24,13777
Royal Residency,Bengaluru,"Child-friendly, TV with cable, Swimming pool, Laundry service, 24/7 Room service, Conference room, WiFi, Balcony view",1.08,13173
Ocean View,Mumbai,"Coffee maker, Free breakfast, Airport shuttle, AC, Bar, Business center, Free parking",3.92,10837
Comfort Stay,Bengaluru,"AC, Conference room, Bar, Free parking, Pet-friendly, TV with cable, WiFi, 24/7 Room service, Airport shuttle",1.56,8709
Paradise Stay,Mumbai,"24/7 Room service, Free breakfast, Mini bar, Airport shuttle, Restaurant, Pet-friendly",3.32,7847
Harmony Hotel,Bengaluru,"Airport shuttle, Business center, Gym, Free parking, Child-friendly, Coffee maker, Free breakfast, Pet-friendly",3.24,15757
Luxury Inn,Mumbai,"Pet-friendly, Child-friendly, Spa services, Business center, Airport shuttle, Restaurant, WiFi",3.28,3748
Ocean View,Pune,"Mini bar, Free parking, Swimming pool, AC, Pet-friendly, Spa services",2.88,2742
Tranquil Lodge,Pune,"Balcony view, AC, Restaurant, TV with cable, Free parking",2.92,12429
The Serene Spot,Pune,"Gym, Coffee maker, Business center, Swimming pool, Free breakfast, Mini bar, Laundry service, Bar, Restaurant",1.08,19854
Skyline Hotel,Mumbai,"Laundry service, Balcony view, Coffee maker, Child-friendly, Mini bar, Gym, Pet-friendly",1.16,14347
Comfort Stay,Mumbai,"Gym, Mini bar, AC, 24/7 Room service, Coffee maker",3.4,4626
Skyline Hotel,Bengaluru,"Laundry service, Free breakfast, Coffee maker, Bar, TV with cable, Child-friendly, 24/7 Room service, Balcony view, Spa services, Restaurant",2.12,13211
Skyline Hotel,Bengaluru,"Gym, Airport shuttle, Free breakfast, Swimming pool, Laundry service",4.64,8902
Elite Stay,Bengaluru,"Bar, Swimming pool, Business center, Airport shuttle, Conference room, Spa services",2.04,14214
Tranquil Lodge,Bengaluru,"TV with cable, Business center, Free parking, 24/7 Room service, Child-friendly, Balcony view, Laundry service",1.48,16418
Golden Nest,Bengaluru,"WiFi, Business center, Conference room, Balcony view, Laundry service, Pet-friendly, Mini bar",3.72,9853
Golden Nest,Bengaluru,"Laundry service, Bar, Spa services, Gym, Swimming pool, Balcony view",3.04,9836
Royal Residency,Bengaluru,"Free breakfast, Balcony view, Mini bar, Restaurant, Laundry service, Spa services, Conference room, Swimming pool, Child-friendly, 24/7 Room service",1.08,15633
Harmony Hotel,Mumbai,"Restaurant, Coffee maker, Free breakfast, Laundry service, Child-friendly, WiFi, Business center, Balcony view, Swimming pool",2.88,9011
Majestic View,Bengaluru,"Balcony view, Swimming pool, 24/7 Room service, Conference room, AC, Child-friendly, Spa services, Bar, Pet-friendly, Gym",1.88,7899
The Serene Spot,Pune,"Spa services, Restaurant, Laundry service, Gym, Free parking, Balcony view, AC, Child-friendly, Bar",3.68,19091
Green Leaf,Mumbai,"Business center, Conference room, Pet-friendly, Swimming pool, Balcony view, Mini bar, TV with cable, Restaurant, AC, Laundry service",3.52,11087
Majestic View,Bengaluru,"WiFi, Restaurant, Swimming pool, Pet-friendly, 24/7 Room service, Balcony view, Mini bar, Free breakfast, Free parking, Bar",2.4,8129
Majestic View,Bengaluru,"Restaurant, Gym, Airport shuttle, Bar, WiFi, Child-friendly, Conference room",4.56,13626
Urban Retreat,Bengaluru,"Free parking, Coffee maker, Mini bar, Conference room, Swimming pool, AC",4.44,7956
Hotel Sunshine,Mumbai,"Coffee maker, Conference room, Laundry service, AC, TV with cable, Gym, Airport shuttle",2.2,11690
Royal Residency,Bengaluru,"Conference room, WiFi, Coffee maker, Free parking, Mini bar",1.0,19056
Majestic View,Bengaluru,"Child-friendly, Spa services, Conference room, Swimming pool, TV with cable",2.44,3892
The Serene Spot,Pune,"AC, Airport shuttle, WiFi, Free parking, Bar, Business center, Laundry service, Restaurant",2.52,19432
Luxury Inn,Mumbai,"Coffee maker, Free breakfast, Mini bar, WiFi, Laundry service, Gym",2.68,5770
Golden Nest,Bengaluru,"TV with cable, Restaurant, Mini bar, Free parking, Child-friendly, Conference room",1.0,9620
Tranquil Lodge,Mumbai,"Airport shuttle, Pet-friendly, Spa services, Coffee maker, Business center, TV with cable, Mini bar",4.44,9348
Urban Retreat,Pune,"Free parking, Spa services, AC, TV with cable, WiFi, Mini bar, Child-friendly, Coffee maker, Airport shuttle, Conference room",1.4,11625
Elite Stay,Bengaluru,"Coffee maker, AC, Bar, Business center, Laundry service",3.44,3330
Emerald Elegance,Bengaluru,"TV with cable, Balcony view, 24/7 Room service, Coffee maker, Mini bar",2.12,10754
Majestic View,Bengaluru,"Free parking, Restaurant, Spa services, TV with cable, Free breakfast",4.84,13036
The Serene Spot,Pune,"Balcony view, Bar, Spa services, Child-friendly, Business center, Conference room, Airport shuttle, 24/7 Room service",1.08,7146
The Serene Spot,Pune,"Gym, AC, Coffee maker, Swimming pool, Balcony view, Spa services",4.68,5217
Urban Retreat,Mumbai,"Child-friendly, AC, Laundry service, Balcony view, Restaurant, Coffee maker, WiFi, Pet-friendly",2.84,6805
Regal Heights,Pune,"Laundry service, Gym, Swimming pool, Restaurant, Mini bar, Free parking, Spa services",3.44,16437
Regal Heights,Mumbai,"Child-friendly, Pet-friendly, Free breakfast, 24/7 Room service, Airport shuttle, Free parking, TV with cable, Laundry service, WiFi",2.08,12617
Emerald Elegance,Mumbai,"Balcony view, WiFi, Mini bar, Conference room, Swimming pool",2.84,13580
Hotel Sunshine,Mumbai,"Balcony view, Laundry service, Pet-friendly, Swimming pool, Child-friendly, Coffee maker, Spa services, Gym, Restaurant",3.68,18043
Emerald Elegance,Bengaluru,"Balcony view, WiFi, 24/7 Room service, Restaurant, Business center, Mini bar, Swimming pool, Airport shuttle, Bar, Free breakfast",2.28,7480
Skyline Hotel,Bengaluru,"Free parking, Mini bar, Spa services, Bar, Pet-friendly, Business center, WiFi, 24/7 Room service, Child-friendly, Coffee maker",4.56,2067
Comfort Stay,Bengaluru,"24/7 Room service, Gym, WiFi, Swimming pool, Free breakfast, Laundry service",4.64,16718
Skyline Hotel,Bengaluru,"AC, Mini bar, Gym, Child-friendly, Airport shuttle, Laundry service",3.88,11165
The Serene Spot,Mumbai,"Child-friendly, Balcony view, Laundry service, Swimming pool, Business center, WiFi, Bar",2.44,5536
Royal Residency,Mumbai,"Gym, Laundry service, Airport shuttle, WiFi, Mini bar, Business center, Child-friendly, Pet-friendly",3.08,18143
Grand Palace,Bengaluru,"TV with cable, Gym, Pet-friendly, Bar, Swimming pool",1.96,9856
Golden Nest,Mumbai,"Mini bar, Free parking, Airport shuttle, Laundry service, WiFi, 24/7 Room service",4.96,12324
Tranquil Lodge,Pune,"Bar, Restaurant, Mini bar, Child-friendly, Balcony view, Conference room, AC",1.68,7826
Royal Residency,Mumbai,"Mini bar, Coffee maker, Child-friendly, Balcony view, Conference room",3.88,4233
Golden Nest,Pune,"24/7 Room service, Gym, Restaurant, AC, Pet-friendly, Free breakfast, Free parking, TV with cable, Swimming pool",1.68,6037
Palm Springs,Mumbai,"Swimming pool, Coffee maker, Airport shuttle, Bar, WiFi, Free parking, AC, Restaurant",2.36,9749
Skyline Hotel,Mumbai,"24/7 Room service, Coffee maker, Balcony view, Free breakfast, Mini bar, WiFi, Free parking, Swimming pool, Bar, Business center",2.88,10618
Tranquil Lodge,Bengaluru,"Restaurant, TV with cable, Free parking, Laundry service, Mini bar",2.16,12144
Elite Stay,Pune,"Laundry service, Swimming pool, Pet-friendly, 24/7 Room service, Child-friendly, Free breakfast, TV with cable, Coffee maker, Bar, Airport shuttle",2.4,10304
Golden Nest,Mumbai,"Business center, Laundry service, Pet-friendly, Mini bar, Balcony view",4.44,3236
Harmony Hotel,Mumbai,"Child-friendly, Spa services, Conference room, Coffee maker, Gym, 24/7 Room service, Pet-friendly, Airport shuttle",2.16,8214
Grand Palace,Bengaluru,"Free parking, Conference room, Business center, Mini bar, Airport shuttle, WiFi, 24/7 Room service, Pet-friendly, Balcony view, Restaurant",3.48,9814
Grand Palace,Bengaluru,"Mini bar, WiFi, TV with cable, Swimming pool, Laundry service, Business center, Conference room, 24/7 Room service, Child-friendly",4.24,15634
Ocean View,Bengaluru,"AC, Laundry service, Bar, Business center, Spa services, Restaurant, Mini bar, Airport shuttle",1.2,5106
Palm Springs,Bengaluru,"Free breakfast, Child-friendly, Business center, Swimming pool, Balcony view, TV with cable, Bar, Pet-friendly, AC",2.6,7724
Grand Palace,Pune,"Spa services, Free breakfast, Free parking, Child-friendly, WiFi",2.24,2487
Royal Residency,Bengaluru,"Free breakfast, Conference room, Business center, Child-friendly, AC, Mini bar, Balcony view, Coffee maker, Spa services, Gym",1.2,15715
The Sapphire,Bengaluru,"Child-friendly, Spa services, Laundry service, AC, Bar, Conference room, Airport shuttle",2.32,3172
Hotel Sunshine,Bengaluru,"AC, Laundry service, Conference room, Business center, Pet-friendly, 24/7 Room service, Child-friendly, Restaurant, Mini bar, Free parking",1.52,15203
Elite Stay,Pune,"Free parking, Spa services, Restaurant, Bar, Balcony view, Pet-friendly, Conference room, Free breakfast, Swimming pool, Gym",4.48,10914
Ocean View,Mumbai,"AC, Mini bar, Coffee maker, Swimming pool, Restaurant",3.16,12724
Majestic View,Mumbai,"AC, Swimming pool, Child-friendly, Pet-friendly, Spa services, Free parking, Mini bar",4.4,14781
Elite Stay,Pune,"Mini bar, WiFi, Swimming pool, Laundry service, Free breakfast, Gym, Airport shuttle",3.96,8005
Elite Stay,Bengaluru,"TV with cable, Restaurant, Coffee maker, Balcony view, Free parking, Bar, Laundry service, 24/7 Room service, Spa services",1.68,5924
Golden Nest,Bengaluru,"Pet-friendly, AC, Gym, Swimming pool, Coffee maker, 24/7 Room service, Spa services, TV with cable",4.52,14985
Emerald Elegance,Pune,"Swimming pool, Coffee maker, Balcony view, Conference room, AC",4.28,5654
Green Leaf,Bengaluru,"24/7 Room service, Free parking, Swimming pool, Mini bar, Coffee maker, AC, Business center, Pet-friendly, Airport shuttle",4.08,15731
The Serene Spot,Pune,"Restaurant, Conference room, Spa services, WiFi, Balcony view, TV with cable",2.0,2662
Grand Palace,Mumbai,"WiFi, Restaurant, Child-friendly, Free parking, Swimming pool, Spa services, Free breakfast, Coffee maker, Mini bar, Laundry service",4.92,7382
Comfort Stay,Bengaluru,"24/7 Room service, Gym, Balcony view, Free breakfast, Restaurant, WiFi, Mini bar, TV with cable, Spa services, Airport shuttle",1.8,9138
Tranquil Lodge,Mumbai,"24/7 Room service, Free breakfast, Airport shuttle, Laundry service, Mini bar, Swimming pool, Free parking, Pet-friendly, Spa services, Child-friendly",4.56,8918
Elite Stay,Pune,"Gym, TV with cable, Free breakfast, Spa services, Pet-friendly",4.04,5191
Regal Heights,Mumbai,"Child-friendly, 24/7 Room service, Free parking, WiFi, Conference room, Coffee maker, Free breakfast",1.68,13360
Ocean View,Bengaluru,"Free parking, TV with cable, Conference room, Balcony view, Coffee maker, Gym, Business center, 24/7 Room service, Bar, Laundry service",1.76,13377
Comfort Stay,Bengaluru,"TV with cable, Airport shuttle, Swimming pool, Balcony view, AC",1.28,6425
Regal Heights,Pune,"Swimming pool, Free parking, Pet-friendly, Bar, Mini bar, TV with cable, 24/7 Room service",4.72,3442
Grand Palace,Bengaluru,"Airport shuttle, Free breakfast, Conference room, AC, Business center, Laundry service, Balcony view, Spa services, Child-friendly",2.84,19232
Palm Springs,Bengaluru,"Spa services, Laundry service, Swimming pool, Pet-friendly, Child-friendly, Free parking",4.32,19516
Luxury Inn,Mumbai,"Coffee maker, Gym, Airport shuttle, Swimming pool, Free breakfast, 24/7 Room service, Restaurant, Laundry service",4.6,3141
Tranquil Lodge,Bengaluru,"WiFi, Pet-friendly, Coffee maker, TV with cable, Free parking, Restaurant, AC, Business center, Free breakfast",1.24,11064
Skyline Hotel,Mumbai,"Pet-friendly, Restaurant, Business center, Airport shuttle, Child-friendly, AC",4.36,19585
Ocean View,Bengaluru,"TV with cable, Laundry service, Balcony view, Business center, Free breakfast, Conference room, Bar, Swimming pool",2.36,1949
Comfort Stay,Bengaluru,"Gym, Airport shuttle, TV with cable, Laundry service, 24/7 Room service",1.48,18827
Elite Stay,Pune,"Free parking, Business center, Free breakfast, Swimming pool, Coffee maker, TV with cable",2.76,12080
Palm Springs,Bengaluru,"WiFi, Child-friendly, Pet-friendly, Mini bar, Swimming pool, Balcony view, 24/7 Room service, Business center, TV with cable, Free breakfast",4.8,10760
Elite Stay,Bengaluru,"Mini bar, Airport shuttle, Bar, Free parking, Restaurant, Balcony view, AC, Child-friendly",4.8,13872
Skyline Hotel,Mumbai,"Business center, Pet-friendly, Free breakfast, Bar, Coffee maker, Gym, Swimming pool",3.52,2910
Palm Springs,Mumbai,"WiFi, Restaurant, TV with cable, Free parking, Bar",2.76,7031
Harmony Hotel,Bengaluru,"Coffee maker, Pet-friendly, Swimming pool, Gym, Laundry service, Business center",3.4,15964
Golden Nest,Pune,"Swimming pool, Spa services, AC, Free parking, Free breakfast, Gym, Pet-friendly, Airport shuttle, Balcony view, Child-friendly",2.04,18165
Skyline Hotel,Pune,"Coffee maker, Mini bar, Gym, Free parking, Spa services, Free breakfast, Child-friendly, 24/7 Room service, Restaurant, Business center",1.64,8040
Green Leaf,Mumbai,"Free parking, Swimming pool, Pet-friendly, WiFi, Free breakfast, Laundry service",1.92,9993
Paradise Stay,Pune,"Laundry service, Balcony view, Conference room, Spa services, WiFi, 24/7 Room service",1.44,11801
Majestic View,Pune,"Spa services, Free breakfast, Business center, TV with cable, Laundry service, Conference room, 24/7 Room service, Coffee maker, Airport shuttle",4.16,16994
Harmony Hotel,Bengaluru,"AC, Conference room, Balcony view, Coffee maker, Laundry service, WiFi, Business center",2.72,15285
Comfort Stay,Pune,"24/7 Room service, Free parking, Restaurant, Business center, Pet-friendly, Spa services, Airport shuttle, Mini bar, AC, Conference room",1.04,5378
Hotel Sunshine,Mumbai,"Airport shuttle, Bar, Laundry service, WiFi, Pet-friendly, Swimming pool",2.88,3587
Harmony Hotel,Bengaluru,"TV with cable, Airport shuttle, Child-friendly, Swimming pool, WiFi, Restaurant, AC, Balcony view",4.04,3666
The Sapphire,Pune,"Pet-friendly, Conference room, Airport shuttle, Swimming pool, Free parking",3.68,15095
Golden Nest,Mumbai,"TV with cable, Mini bar, Airport shuttle, Child-friendly, Pet-friendly, Gym, Bar, Restaurant",1.2,7904
Palm Springs,Mumbai,"Pet-friendly, Restaurant, Free breakfast, Conference room, Coffee maker, Child-friendly, Business center",3.52,19592
Paradise Stay,Bengaluru,"Swimming pool, Gym, Balcony view, TV with cable, Free breakfast, Mini bar, AC, Airport shuttle, Conference room",1.72,1847
Elite Stay,Pune,"Spa services, Laundry service, Mini bar, Free breakfast, Balcony view, Pet-friendly, Airport shuttle, Coffee maker, AC",4.6,15244
Emerald Elegance,Bengaluru,"Swimming pool, Business center, Free parking, Laundry service, Conference room, WiFi, Mini bar, Bar, Child-friendly, Coffee maker",2.84,7799
Comfort Stay,Mumbai,"Business center, TV with cable, Bar, Laundry service, Gym, Free breakfast, Restaurant, Pet-friendly, Mini bar, Balcony view",2.24,19498
Ocean View,Bengaluru,"Conference room, Business center, Free breakfast, Swimming pool, AC, Coffee maker, Restaurant",1.44,2576
Harmony Hotel,Mumbai,"Spa services, Mini bar, 24/7 Room service, TV with cable, Free parking, AC, Laundry service",1.72,9488
Harmony Hotel,Bengaluru,"24/7 Room service, Spa services, Conference room, Mini bar, Balcony view, Child-friendly, Bar",3.0,15776
Tranquil Lodge,Bengaluru,"Bar, Free parking, Child-friendly, Free breakfast, Conference room, Swimming pool, Business center, Laundry service, Mini bar",1.24,14258
Emerald Elegance,Pune,"Conference room, Gym, Restaurant, Business center, Coffee maker, Swimming pool, WiFi, Mini bar",2.2,9402
Green Leaf,Pune,"24/7 Room service, Mini bar, Airport shuttle, Child-friendly, WiFi, Conference room, Free parking",4.68,16418
The Sapphire,Mumbai,"AC, Restaurant, Swimming pool, TV with cable, Conference room",4.44,7129
Ocean View,Bengaluru,"Airport shuttle, Free parking, Free breakfast, Gym, TV with cable, WiFi, Restaurant",3.88,19495
Harmony Hotel,Mumbai,"TV with cable, Mini bar, Bar, Restaurant, Conference room, AC, Pet-friendly, Free parking, Gym, Business center",4.36,17900
Palm Springs,Pune,"Bar, Child-friendly, Airport shuttle, Free parking, Gym, Conference room, Restaurant",1.6,4000
Comfort Stay,Pune,"AC, WiFi, Balcony view, Mini bar, Restaurant, 24/7 Room service, Swimming pool, TV with cable",4.76,6230
Grand Palace,Mumbai,"Coffee maker, Free parking, Spa services, Swimming pool, 24/7 Room service, AC, TV with cable, Bar, Mini bar, Balcony view",2.72,4872
Urban Retreat,Pune,"Conference room, Child-friendly, Balcony view, Bar, TV with cable, WiFi, Spa services, 24/7 Room service",3.88,6667
Paradise Stay,Pune,"Business center, Child-friendly, TV with cable, Swimming pool, Spa services, AC",4.92,6100
Regal Heights,Bengaluru,"Coffee maker, Gym, Conference room, Pet-friendly, WiFi",1.8,7350
Ocean View,Bengaluru,"Pet-friendly, WiFi, Bar, AC, Restaurant, 24/7 Room service, Coffee maker, Free parking",3.2,8623
Emerald Elegance,Pune,"Pet-friendly, TV with cable, Laundry service, Child-friendly, Gym, Free breakfast, 24/7 Room service, Business center",4.52,9283
Ocean View,Pune,"Laundry service, WiFi, TV with cable, Business center, Bar, Airport shuttle, AC",4.4,5537
Majestic View,Bengaluru,"24/7 Room service, Bar, Swimming pool, Airport shuttle, Restaurant, Pet-friendly, Laundry service, Balcony view, Free breakfast, WiFi",1.88,19079
Green Leaf,Pune,"Laundry service, Balcony view, Airport shuttle, Bar, AC",4.2,4788
Royal Residency,Bengaluru,"Airport shuttle, TV with cable, Free parking, Laundry service, Balcony view, Business center, Conference room, Swimming pool",3.12,13343
Majestic View,Pune,"TV with cable, Laundry service, Restaurant, AC, Airport shuttle, Gym, Free breakfast, WiFi, Coffee maker",1.72,7874
Skyline Hotel,Pune,"Restaurant, Pet-friendly, Coffee maker, Free breakfast, TV with cable, 24/7 Room service, Swimming pool, Laundry service, Airport shuttle, WiFi",1.08,3074
Palm Springs,Mumbai,"Restaurant, WiFi, Airport shuttle, Mini bar, TV with cable, Spa services, Laundry service, Coffee maker, Swimming pool, Child-friendly",2.4,2771
Paradise Stay,Pune,"Coffee maker, Free parking, Mini bar, Balcony view, Bar, Pet-friendly, Conference room",1.72,18280
Royal Residency,Mumbai,"Balcony view, Free parking, Spa services, Coffee maker, Laundry service, Business center",2.28,8119
Grand Palace,Mumbai,"Free parking, Pet-friendly, Balcony view, Airport shuttle, AC, Business center",1.6,3276
The Sapphire,Mumbai,"Laundry service, TV with cable, Mini bar, AC, Spa services",4.52,19633
Comfort Stay,Bengaluru,"Free breakfast, Spa services, Pet-friendly, Coffee maker, Laundry service, TV with cable, 24/7 Room service, Free parking, Swimming pool, Conference room",2.6,9890
Royal Residency,Pune,"Spa services, Balcony view, 24/7 Room service, TV with cable, Pet-friendly, Restaurant, Business center, Conference room, Free breakfast, Mini bar",2.84,13761
Skyline Hotel,Bengaluru,"24/7 Room service, Spa services, Coffee maker, Mini bar, Child-friendly, Balcony view, WiFi",2.16,8418
Comfort Stay,Pune,"Free breakfast, AC, Gym, Restaurant, Pet-friendly, Child-friendly, WiFi, Bar, TV with cable, Airport shuttle",3.44,19850
Hotel Sunshine,Mumbai,"WiFi, AC, Spa services, Pet-friendly, Coffee maker, TV with cable, Mini bar, Airport shuttle, Swimming pool",3.92,19216
Golden Nest,Bengaluru,"Bar, Spa services, Coffee maker, Airport shuttle, Free breakfast, Conference room, Gym, Child-friendly, Restaurant",3.96,7128
Paradise Stay,Bengaluru,"Free breakfast, Gym, Coffee maker, Bar, Conference room, Airport shuttle",1.4,15747
Royal Residency,Pune,"Bar, TV with cable, Child-friendly, Gym, Balcony view, Swimming pool, Spa services, Free breakfast",3.8,8630
Regal Heights,Mumbai,"Business center, Balcony view, Free breakfast, Mini bar, Gym, WiFi, Spa services, 24/7 Room service, TV with cable",1.8,16802
Majestic View,Pune,"Conference room, Swimming pool, Coffee maker, 24/7 Room service, Pet-friendly, Laundry service, Gym",1.44,7823
Comfort Stay,Bengaluru,"Free parking, Mini bar, Conference room, Restaurant, Laundry service, AC, Coffee maker, TV with cable, WiFi",2.84,7043
Green Leaf,Pune,"Laundry service, Swimming pool, 24/7 Room service, Mini bar, Child-friendly, Free parking, Gym, Free breakfast, Bar, WiFi",4.28,7086
Regal Heights,Mumbai,"AC, Child-friendly, Restaurant, Spa services, Pet-friendly, Bar, Balcony view, Free parking, Coffee maker, WiFi",4.12,14719
Royal Residency,Pune,"Airport shuttle, Free parking, Child-friendly, Balcony view, Restaurant, Laundry service, Spa services, 24/7 Room service",2.44,18183
Tranquil Lodge,Mumbai,"Coffee maker, Gym, Mini bar, Airport shuttle, 24/7 Room service, Restaurant, Balcony view",3.84,2391
Emerald Elegance,Mumbai,"Restaurant, Bar, Gym, Laundry service, Conference room",3.48,7559
The Sapphire,Pune,"Child-friendly, Balcony view, Free breakfast, AC, Business center, Laundry service, Free parking",4.04,9567
Tranquil Lodge,Bengaluru,"Free breakfast, Laundry service, Child-friendly, Conference room, Airport shuttle, Restaurant, AC, Bar, Spa services",1.16,18442
Regal Heights,Mumbai,"Conference room, Free breakfast, Restaurant, Swimming pool, AC",2.04,7913
Royal Residency,Mumbai,"Mini bar, TV with cable, 24/7 Room service, Laundry service, Pet-friendly",4.88,4510
The Serene Spot,Mumbai,"Gym, WiFi, Airport shuttle, Child-friendly, AC, Swimming pool, Balcony view, Pet-friendly",4.92,4464
Majestic View,Mumbai,"Free parking, Child-friendly, Swimming pool, Airport shuttle, Bar",3.16,3204
Tranquil Lodge,Pune,"Child-friendly, Gym, TV with cable, Balcony view, Restaurant",4.12,13195
Majestic View,Mumbai,"Child-friendly, Free breakfast, Bar, WiFi, TV with cable, Swimming pool, 24/7 Room service, Conference room, Coffee maker, Restaurant",1.6,4998
Harmony Hotel,Bengaluru,"TV with cable, Pet-friendly, Airport shuttle, Gym, Spa services, Bar",1.16,7416
Green Leaf,Bengaluru,"Conference room, Bar, Airport shuttle, Laundry service, TV with cable, Swimming pool, Free breakfast",1.16,19341
Urban Retreat,Pune,"Airport shuttle, Swimming pool, AC, 24/7 Room service, Bar, Coffee maker, Pet-friendly",1.36,1937
Majestic View,Bengaluru,"24/7 Room service, Conference room, WiFi, Restaurant, Child-friendly",1.48,18277
The Serene Spot,Mumbai,"Coffee maker, Airport shuttle, Business center, Free parking, Spa services, Conference room, Gym, Laundry service, Child-friendly",1.88,10555
Ocean View,Bengaluru,"Restaurant, Free parking, AC, WiFi, Gym, Spa services, Pet-friendly",3.16,18524
Ocean View,Mumbai,"Airport shuttle, Free parking, Restaurant, Bar, Pet-friendly, Swimming pool, Gym, AC, TV with cable, Balcony view",1.44,17902
Royal Residency,Pune,"Business center, Laundry service, AC, Free breakfast, Child-friendly, Spa services, 24/7 Room service",2.48,1568
Golden Nest,Bengaluru,"Free parking, 24/7 Room service, Conference room, Coffee maker, Bar, Free breakfast, Restaurant, TV with cable, Spa services, Child-friendly",1.2,8239
Hotel Sunshine,Mumbai,"Free breakfast, Pet-friendly, AC, TV with cable, Airport shuttle, Free parking, Spa services, Child-friendly, Coffee maker",4.48,7197
Emerald Elegance,Mumbai,"Mini bar, Laundry service, Conference room, Business center, Free breakfast, Airport shuttle, Spa services, TV with cable, WiFi",1.72,13536
Palm Springs,Mumbai,"TV with cable, Conference room, Free breakfast, Coffee maker, Spa services, Child-friendly",3.52,19360
Comfort Stay,Pune,"24/7 Room service, Child-friendly, Airport shuttle, Bar, Laundry service, Business center, Coffee maker, WiFi, AC",3.2,9458
Ocean View,Bengaluru,"24/7 Room service, Gym, Restaurant, Business center, Pet-friendly, Free breakfast, Coffee maker, Airport shuttle, Child-friendly",3.08,4448
Paradise Stay,Mumbai,"WiFi, Swimming pool, AC, TV with cable, 24/7 Room service, Free breakfast, Laundry service, Free parking, Child-friendly, Conference room",3.04,12015
Ocean View,Mumbai,"Laundry service, Gym, Pet-friendly, Spa services, TV with cable, Balcony view, WiFi",2.16,2151
Grand Palace,Mumbai,"Balcony view, Free parking, Gym, Mini bar, Spa services, AC",1.28,4094
Hotel Sunshine,Pune,"Spa services, Business center, Laundry service, TV with cable, 24/7 Room service, Conference room, WiFi, Restaurant",1.48,1963
Regal Heights,Pune,"Balcony view, Restaurant, Airport shuttle, Bar, Child-friendly, Gym, TV with cable, 24/7 Room service, Conference room",1.96,2745
Harmony Hotel,Pune,"Gym, Conference room, Spa services, AC, Free parking",1.48,2243
Regal Heights,Bengaluru,"TV with cable, Business center, Child-friendly, Gym, 24/7 Room service, Restaurant, Bar, WiFi",4.32,2384
Elite Stay,Pune,"Mini bar, Coffee maker, Swimming pool, Free breakfast, Business center, Balcony view, TV with cable, Bar, Free parking, Child-friendly",2.16,16930
Palm Springs,Mumbai,"Airport shuttle, Balcony view, Mini bar, Pet-friendly, Bar, Restaurant, Spa services, Free parking, Free breakfast, Business center",3.12,17497
Urban Retreat,Pune,"Balcony view, 24/7 Room service, Bar, Conference room, Restaurant, Pet-friendly, Gym, Mini bar",2.72,8690
Skyline Hotel,Bengaluru,"Swimming pool, Spa services, Gym, Restaurant, Bar, Balcony view, Free parking, Business center, Pet-friendly, AC",2.48,8510
Ocean View,Mumbai,"Pet-friendly, Airport shuttle, Balcony view, TV with cable, Spa services, WiFi, Mini bar",3.68,3771
Majestic View,Pune,"Spa services, Pet-friendly, Laundry service, WiFi, Business center",1.96,2302
Hotel Sunshine,Pune,"Conference room, Swimming pool, Free breakfast, Free parking, Mini bar",4.76,8137
Green Leaf,Bengaluru,"Business center, Restaurant, Conference room, TV with cable, Pet-friendly",4.4,5756
Elite Stay,Pune,"Free breakfast, AC, Bar, Pet-friendly, Conference room, Coffee maker, Restaurant, Swimming pool, Business center, Free parking",4.88,16893
Palm Springs,Bengaluru,"Bar, AC, Free breakfast, Swimming pool, Coffee maker, Free parking",1.56,3551
Skyline Hotel,Pune,"Laundry service, Spa services, Child-friendly, Swimming pool, 24/7 Room service, Free parking, Business center, Conference room, AC",4.76,7829
Hotel Sunshine,Pune,"Conference room, Business center, Mini bar, 24/7 Room service, Pet-friendly, Bar, Balcony view",1.68,6095
Skyline Hotel,Mumbai,"Restaurant, Spa services, AC, Bar, Business center, Airport shuttle, Conference room, Laundry service, Coffee maker, Gym",2.44,17869
Paradise Stay,Bengaluru,"Balcony view, Airport shuttle, Bar, Restaurant, AC, Conference room",4.6,19582
The Serene Spot,Bengaluru,"Mini bar, Conference room, Free breakfast, Spa services, 24/7 Room service, Balcony view",4.88,18623
Grand Palace,Mumbai,"Child-friendly, AC, TV with cable, Coffee maker, Bar, Free breakfast, WiFi, Business center, Spa services, Mini bar",4.04,6242
Majestic View,Mumbai,"Balcony view, WiFi, Child-friendly, Airport shuttle, Bar, Spa services, Business center",3.08,6434
Golden Nest,Pune,"Airport shuttle, Free parking, Balcony view, Swimming pool, WiFi, TV with cable, 24/7 Room service, Spa services",4.4,5161
Golden Nest,Pune,"Free parking, Bar, 24/7 Room service, Gym, Child-friendly",3.76,10067
Paradise Stay,Bengaluru,"24/7 Room service, Restaurant, Airport shuttle, Bar, AC, Conference room, Free breakfast",2.88,12379
Hotel Sunshine,Bengaluru,"Business center, Airport shuttle, Balcony view, TV with cable, Pet-friendly",1.0,15403
Regal Heights,Pune,"Business center, Spa services, Conference room, Laundry service, Balcony view, Swimming pool",1.72,6803
Green Leaf,Mumbai,"Child-friendly, Bar, Mini bar, Swimming pool, Gym, Pet-friendly, TV with cable, Balcony view",1.84,8216
The Serene Spot,Bengaluru,"Mini bar, Swimming pool, Pet-friendly, Bar, Gym, 24/7 Room service, AC",4.08,4082
Elite Stay,Mumbai,"Mini bar, Laundry service, 24/7 Room service, WiFi, TV with cable, Gym, Free parking, AC, Balcony view",4.64,17195
The Sapphire,Pune,"Balcony view, AC, Laundry service, Spa services, Bar",4.32,12516
Hotel Sunshine,Bengaluru,"Spa services, Coffee maker, Gym, Free breakfast, TV with cable",3.92,12166
Palm Springs,Mumbai,"WiFi, TV with cable, Pet-friendly, AC, Laundry service, Bar, Gym, Balcony view, Mini bar",3.8,8217
Hotel Sunshine,Bengaluru,"WiFi, Free parking, AC, Free breakfast, Airport shuttle, Swimming pool, Bar, Laundry service, TV with cable, Conference room",2.32,2876
Emerald Elegance,Mumbai,"Pet-friendly, Business center, AC, Free parking, Mini bar, WiFi",1.04,16482
Ocean View,Bengaluru,"Coffee maker, Swimming pool, WiFi, Balcony view, Airport shuttle, Free breakfast",1.4,18830
Golden Nest,Mumbai,"Pet-friendly, Gym, Airport shuttle, Coffee maker, Bar, Child-friendly, Free breakfast, Restaurant, Balcony view, Business center",1.16,4987
Green Leaf,Pune,"WiFi, Mini bar, Laundry service, 24/7 Room service, TV with cable, Free breakfast, Bar, Spa services, Airport shuttle, Coffee maker",1.36,17675
Palm Springs,Bengaluru,"24/7 Room service, Balcony view, Restaurant, Pet-friendly, Free breakfast, Mini bar, Business center, TV with cable, Child-friendly, WiFi",2.32,10439
Harmony Hotel,Bengaluru,"Airport shuttle, Conference room, Gym, Balcony view, TV with cable, Laundry service, Spa services, Child-friendly",4.16,2184
Ocean View,Mumbai,"Business center, TV with cable, Conference room, 24/7 Room service, Pet-friendly",4.48,6495
Emerald Elegance,Mumbai,"Child-friendly, Coffee maker, 24/7 Room service, Pet-friendly, Mini bar, Laundry service",1.08,3033
Tranquil Lodge,Pune,"Gym, Restaurant, Coffee maker, Swimming pool, Conference room, Mini bar, Spa services",3.0,19817
Paradise Stay,Bengaluru,"Spa services, Swimming pool, Free breakfast, Laundry service, Restaurant, WiFi, AC, Coffee maker",3.68,9632
Majestic View,Bengaluru,"Spa services, Pet-friendly, Business center, Laundry service, Balcony view",3.32,6120
Green Leaf,Mumbai,"Child-friendly, TV with cable, Mini bar, Free breakfast, Pet-friendly, Business center",2.88,3949
Paradise Stay,Mumbai,"Laundry service, AC, Free parking, TV with cable, Conference room, Free breakfast, Pet-friendly, Mini bar, Airport shuttle",5.0,5986
Majestic View,Bengaluru,"Mini bar, 24/7 Room service, Restaurant, Spa services, Pet-friendly, Child-friendly, Coffee maker",3.16,11559
Palm Springs,Bengaluru,"Laundry service, Bar, Child-friendly, Conference room, AC, Free breakfast, Swimming pool",1.56,9882
Royal Residency,Bengaluru,"Swimming pool, Gym, WiFi, Free parking, Mini bar",2.0,4870
Emerald Elegance,Mumbai,"TV with cable, Free parking, Laundry service, Coffee maker, Free breakfast, AC, Swimming pool, Spa services",4.4,6477
Tranquil Lodge,Pune,"Pet-friendly, Spa services, Coffee maker, Laundry service, WiFi, 24/7 Room service, TV with cable",3.0,3924
Hotel Sunshine,Mumbai,"Swimming pool, Free parking, Coffee maker, WiFi, Spa services, Gym, Bar, Balcony view, Airport shuttle, Child-friendly",3.48,2300
Hotel Sunshine,Mumbai,"Free breakfast, Gym, Free parking, Business center, Bar",4.88,5581
Palm Springs,Bengaluru,"Child-friendly, Airport shuttle, WiFi, AC, Conference room, Restaurant, TV with cable, Business center, Pet-friendly, Swimming pool",1.68,5961
Majestic View,Mumbai,"Business center, 24/7 Room service, Bar, Coffee maker, AC, Restaurant, Balcony view",1.24,8907
Paradise Stay,Bengaluru,"24/7 Room service, Bar, TV with cable, Laundry service, Coffee maker, WiFi, Gym, Airport shuttle",3.2,15330
